<scene>
	<!-- Independent sample generator -->
	<sampler type="independent">
		<integer name="sampleCount" value="256"/>
	</sampler>

	<!-- Use the ambient occlusion integrator -->
    <integrator type="direct_ems"/>

	<!-- Load the Serapis bust -->
	<mesh type="obj">
		<string name="filename" value="serapis.obj"/>

		<bsdf type="diffuse">
			<color name="albedo" value="1.0 1.0 1.0"/>
		</bsdf>
	</mesh>


	<!-- Define the light source -->
	<emitter type="environment">
      <string name="filename" value="envmap.exr"/>
	  <float name ="rotate" value="180"/>
	  <color name ="radiance" value="350,350,350"/>
	</emitter>
	
	

	<!-- Render the scene viewed by a perspective camera -->
	<camera type="perspective">
        <!-- 3D origin, target point, and 'up' vector -->
		<transform name="toWorld">
			<lookat target="-0.478183, -0.395269, -0.301977" 
					origin="-0.958452, -0.38327, -1.17902" 
					up="0.00576335, 0.999928, 0.0105247"/>
		</transform>

		<!-- Field of view: 45 degrees -->
		<float name="fov" value="45"/>

		<!-- 768 x 768 pixels -->
		<integer name="width" value="768"/>
		<integer name="height" value="576"/>
	</camera>
</scene>
